{
  "shapes": [
    {
      "name": "1x2",
      "depth": -1,
      "reverse": 0,
      "reticle": 12,
      "stride": 0,
      "elevation": 0,
      "mask": [
        "OOOOO",
        "OOOOO",
        "OOXOO",
        "OOXOO",
        "OOOOO"
      ]
    },
    {
      "name": "Stairs",
      "depth": -1,
      "reverse": 0,
      "reticle": 22,
      "stride": 1,
      "elevation": -1,
      "mask": [
        "OOXOO",
        "OOXOO",
        "OOXOO",
        "OOXOO",
        "OOXOO"
      ]
    }
  ]
}